step,time_s,x_m,y_m,speed_kmh,steer_deg,ed_m,ephi_deg,offroad,collision
1,0.05,77.99354254166691,0.3066403479126444,22.083,11.297394303425861,-0.05147757864612783,-1.726362716703137,False,False
2,0.1,77.98207383013055,0.6194611216598883,22.5382275,8.246446055203593,-0.056029046768257006,-0.8331096778673853,False,False
3,0.15000000000000002,77.96683239928903,0.9380867856223887,22.96727941875,5.80931210807998,-0.05710973818653449,-0.19411008883590028,False,False
4,0.2,77.94884192790227,1.262194265219308,23.371660852171875,3.9244027519193954,-0.05572546112899862,0.24433736763659744,False,False
5,0.25,77.92892231872882,1.5914922013925181,23.752790353171992,2.5085530312969735,-0.05268013740751445,0.5289079887457219,False,False
6,0.30000000000000004,77.9077112074533,1.9257087514240145,24.112004907864602,1.4746828337093605,-0.048596659015273984,0.6986550939700676,False,False
7,0.35000000000000003,77.88518674478927,2.264552100129065,24.450564625662388,1.470998370470946,-0.011942046195096478,0.04472729923555274,False,False
8,0.4,77.86169130522318,2.607771854704452,24.769657159686798,0.9558475988551772,-0.01099492962752023,0.1577390117477923,False,False
9,0.45,77.83748801806543,2.955129680306351,25.07040187300481,0.5824776145214069,-0.009612735198910288,0.2274385677500738,False,False
10,0.5,77.81277505228623,3.306398289749202,25.353853765307033,0.318140007643743,-0.007978307183600403,0.2659368405998092,False,False
11,0.55,77.7876986849782,3.661360952963799,25.62100717380188,0.13595840866996606,-0.006223401591225655,0.282562451051951,False,False
12,0.6000000000000001,77.762364695857,4.019811244322068,25.87279926130827,0.014474476649175857,-0.004440039598933399,0.2843498471798765,False,False
13,0.65,77.73684793992119,4.381552865160526,26.110113303783045,-0.06304765785630452,-0.0026900479901937257,0.27649292586164786,False,False
14,0.7000000000000001,77.71120014824005,4.746399458026686,26.33378178881552,-0.10939136409301359,-0.001012830989791904,0.2627439195050406,False,False
15,0.75,77.68545612065319,5.114174377588198,26.54458933595863,-0.13413416870894113,0.0005684653717584962,0.2457501101836365,False,False
16,0.8,77.65963852832463,5.484710410238282,26.74327544914101,-0.1443195433855645,0.002042179412399009,0.22732902644947672,False,False
17,0.8500000000000001,77.63376155849669,5.85784944791268,26.9305371108154,-0.14503188098075206,0.0034045182644259625,0.20868739417093665,False,False
18,0.9,77.60335102058127,6.233105783786158,27.107031226943516,5.13406638513699,0.009151887747007773,0.8747000677731991,False,False
19,0.9500000000000001,77.56966848100646,6.610402191614207,27.27337693139426,3.593454367165843,0.034445492407671224,-0.7958794951049286,False,False
20,1.0,77.53363490589412,6.98966870088761,27.43015775783909,2.487255766421924,0.03132007273441442,-0.4700456485920141,False,False
21,1.05,77.49591811672657,7.370833901841826,27.577923686763345,1.6997591837791557,0.029673874995020597,-0.2462503754640768,False,False
22,1.1,77.45699932769396,7.753822558167554,27.71719307477445,1.1436043727551732,0.029035962052105596,-0.094943993379728,False,False
23,1.1500000000000001,77.41722321819786,8.138555963677142,27.848454472974918,0.7539548161673845,0.029071565474848567,0.0052740687009115396,False,False
24,1.2000000000000002,77.37683526523232,8.524953272076528,27.97216834077886,0.483262796039639,0.02954481410728364,0.06979406131761644,False,False
25,1.25,77.33600934591871,8.912932978986253,28.088768661184076,0.2969786273896745,0.030291125345313644,0.10960810611767557,False,False
26,1.3,77.2948679898222,9.30241421960546,28.198664463165994,0.17018931943820992,0.031196926673705674,0.13251344035015425,False,False
27,1.35,77.25349713168859,9.693317779743492,28.302241256533947,0.08505257120939247,0.032184877126970365,0.14400246363193825,False,False
28,1.4000000000000001,77.21195678490002,10.085566822468772,28.399862384283242,0.028870457019740673,0.033203175661576295,0.14791577537174258,False,False
29,1.4500000000000002,77.16371003389112,10.478335077869682,28.491870297186956,7.0077427237990415,0.04083903803250516,1.105653937191244,False,False
30,1.5,77.11082807029973,10.871721425552476,28.578587755098706,4.777987850254348,0.056555822912981585,-1.097297808371604,False,False
31,1.55,77.0547518649567,11.265811784843025,28.660318959180533,3.229087792745819,0.052004493869445,-0.6551214314806179,False,False
32,1.6,76.99648086129302,11.660665103210398,28.73735061902765,2.1606957692180004,0.04950628803259449,-0.3586240877727063,False,False
33,1.6500000000000001,76.93670615554568,12.056313421908861,28.809952958433566,1.4279398840817281,0.0483732827867806,-0.16223519706931613,False,False
34,1.7000000000000002,76.87590411618055,12.452766689473151,28.878380663323632,0.9280926274624622,0.0481331443319691,-0.03430394203334154,False,False
35,1.75,76.81440199709093,12.850018389803093,28.942873775182523,0.5890906651771266,0.04846342223293908,0.047075294212295955,False,False
36,1.8,76.75242379966265,13.248050519861973,29.003658533109526,0.36071457908266435,0.04914546402182887,0.09700933728157672,False,False
37,1.85,76.69012224472789,13.646837525344626,29.060948167455727,0.20812937179873073,0.05003221670254922,0.12587752881408387,False,False
38,1.9000000000000001,76.62760100123838,14.046349229496743,29.114943647827026,0.10726093320544311,0.05102581127383851,0.14078254825880443,False,False
39,1.9500000000000002,76.5649300980185,14.446552929282046,29.16583438807697,0.04152658087389298,0.05206201148650991,0.14656317823467205,False,False
40,2.0,76.4940538269586,14.846061815622718,29.21379891076255,8.261671211925096,0.06131374420267266,1.3065553448078502,False,False
41,2.0500000000000003,76.41766806473537,15.24519326983212,29.2590054733937,5.5265447478223955,0.0617254873541202,-1.1656629619608505,False,False
42,2.1,76.33759878421124,15.644205702214588,29.30161265867356,3.6596643899421104,0.05708626778223608,-0.6531575332080207,False,False
43,2.15,76.25508072340621,16.043288469167297,29.34176993079983,2.395103379057527,0.054827694175989955,-0.3175450106200557,False,False
44,2.2,76.17094707505342,16.442570997649277,29.37961815977884,1.5433920559792365,0.05410787162099542,-0.10107288395398921,False,False
45,2.25,76.0857585036176,16.84213637785333,29.415290115591553,0.9728001589467236,0.054361112045627394,0.03551526451696077,False,False
46,2.3000000000000003,75.99989089499877,17.242033993715086,29.448910933945044,0.5928201152889059,0.05520947602034362,0.11884158075385536,False,False
47,2.35,75.91359503399195,17.642289643482602,29.480598555243205,0.34165243701959996,0.0564022952055141,0.16691449847355272,False,False
48,2.4000000000000004,75.82703717311738,18.042913096855802,29.510464138316717,0.17725606737815278,0.057774918828403826,0.19188073323898697,False,False
49,2.45,75.74032658904383,18.44390351639753,29.538612450363505,0.07110653311732565,0.05922063225847152,0.2019055012934583,False,False
50,2.5,75.6444500421705,18.843180614100923,29.565142234467604,9.13936094749218,0.06998823016347683,1.5026013301136893,False,False
51,2.5500000000000003,75.54250927951644,19.2413111472426,29.59014655598572,6.062641678291392,0.06970640148712542,-1.2315297105632965,False,False
52,2.6,75.43657596375344,19.63873675677593,29.61371312901654,3.9780247596358946,0.06490858945491196,-0.6683675291889344,False,False
53,2.6500000000000004,75.32803304761069,20.035777410016088,29.635924624098088,2.577343558740229,0.06272780685419885,-0.3035645493014011,False,False
54,2.7,75.21780250101683,20.43265460913252,29.65685895821245,1.6416804150937125,0.06221647650736133,-0.07112653579128778,False,False
55,2.75,75.1064974793145,20.829516428070836,29.676589568115233,1.0199767120284202,0.0627442075913456,0.07335908951358971,False,False
56,2.8000000000000003,74.99452421972697,21.22645858933233,29.69518566794861,0.6093743665423321,0.06389398400391699,0.159728730986713,False,False
57,2.85,74.88215038917139,21.623540529681993,29.712712492041568,0.3402836813328859,0.06539201359086375,0.20798603371778576,False,False
58,2.9000000000000004,74.76955097491216,22.020797035333025,29.729231523749178,0.1657843846408803,0.06706039892592286,0.23150959284654896,False,False
59,2.95,74.6471064682775,22.415356690454427,29.744800711133603,9.87388156897948,0.07893645089273299,1.6473124818454914,False,False
60,3.0,74.5181740007061,22.808058653448956,29.759474670243417,6.556336274195704,0.0944863504827263,-1.4450277363204354,False,False
61,3.0500000000000003,74.38497914337658,23.199538369741177,29.773304876704422,4.312337106800411,0.08848848720141478,-0.8310743435042659,False,False
62,3.1,74.24899875218816,23.59025096481152,29.786339846293917,2.807520524930947,0.08537201053502713,-0.43162438831703326,False,False
63,3.1500000000000004,74.11121285728431,23.980511461310552,29.798625305132017,1.8038715237238718,0.08410801281319329,-0.1749870323417897,False,False
64,3.2,73.97227104871446,24.370532646369355,29.810204350086924,1.1374928885630595,0.08401316959698699,-0.013124913573008894,False,False
65,3.25,73.83260282762794,24.760455297174385,29.821117599956924,0.6971809288548612,0.08463564645814631,0.0861101982947676,False,False
66,3.3000000000000003,73.69249102963927,25.15037058041685,29.8314033379594,0.40799805230141667,0.08567841732749487,0.14420183721137803,False,False
67,3.35,73.55212078648007,25.540336000780247,29.841097646026732,0.21961638601527952,0.08694779038079553,0.17548107602063379,False,False
68,3.4000000000000004,73.40067369447901,25.926270994689787,29.850234531380195,11.287209441789948,0.10000423346292908,1.804696080702958,False,False
69,3.45,73.24196223360114,26.30940530589736,29.858846045825832,7.50495649636758,0.12061769766593922,-1.7180441215544602,False,False
70,3.5,73.07849538413905,26.690657620434198,29.86696239819085,4.94263100284892,0.11329325695016135,-1.0117218067780749,False,False
71,3.5500000000000003,72.91192850311288,27.070681789104444,29.87461206029488,3.2246103264702386,0.10929981101881114,-0.5514515582341678,False,False
72,3.6,72.74335518263128,27.449929779656827,29.881821866827924,2.0795344325683627,0.10745461290509185,-0.25473726936456026,False,False
73,3.6500000000000004,72.57349782755738,27.82870785369799,29.88861710948532,1.3196997498278344,0.1069732046955553,-0.06644509042328131,False,False
74,3.7,72.40283289431031,28.20722032383683,29.895021625689914,0.8177056132357755,0.10733725155110548,0.050235831695212625,False,False
75,3.75,72.23167361484923,28.58560153000335,29.90105788221274,0.4878124026374283,0.1082059812939094,0.11985428975052932,False,False
76,3.8000000000000003,72.06022484116009,28.963938403830806,29.90674705398551,0.27254751431962854,0.10935691064071146,0.15875783619414677,False,False
77,3.85,71.8758076570114,29.336209336917864,29.91210909838134,13.572516561532733,0.12482323013199204,2.1335137137298723,False,False
78,3.9000000000000004,71.68298255744759,29.704274755261082,29.917162825224413,9.004363523100226,0.13390725398159165,-1.8962412792374908,False,False
79,3.95,71.48471914922808,30.06951477664746,29.921925962774008,5.895624092709721,0.1262823638891784,-1.0512924414604352,False,False
80,4.0,71.28295949590569,30.432906469195665,29.9264152199145,3.810916309535345,0.12261051986949201,-0.5061628939597341,False,False
81,4.05,71.07897681078724,30.795122425196183,29.930646344769418,2.424407339824678,0.1214524068272663,-0.15962119128107025,False,False
82,4.1000000000000005,70.87360610936486,31.156616908518433,29.934634179945178,1.5077043155979297,0.12185758696819274,0.0558379407554031,False,False
83,4.15,70.66739399008162,31.51769218853016,29.938392714598333,0.905108131763133,0.12320148571657896,0.18517994615808234,False,False
84,4.2,70.4606966836079,31.87854664383563,29.941935133508927,0.511760343458078,0.12507637171179403,0.2583161742376726,False,False
85,4.25,70.23953843524566,32.230778547078984,29.94527386333216,15.815990088022392,0.14378366970973244,2.57800914760782,False,False
86,4.3,70.0090997796282,32.57706263088908,29.948420616190564,10.50397120157951,0.15886878887416545,-2.1165324274844344,False,False
87,4.3500000000000005,69.77271354642583,32.91936433800077,29.95138643075961,6.8636778438378565,0.15066045274819345,-1.1306326347187807,False,False
88,4.4,69.5325390828688,33.25906632335828,29.954181710990927,4.417203067317234,0.14704541651646483,-0.49786980586847834,False,False
89,4.45,69.28998182153997,33.59711607419596,29.95681626260895,2.7904051928187195,0.14632950655791296,-0.09858664583155168,False,False
90,4.5,69.04595806147012,33.934151328410906,29.959299327508937,1.716429072421416,0.1473964829973913,0.14691927693822038,False,False
91,4.55,68.80106445086638,34.27059527401038,29.961639616177173,1.0121562440357181,0.14951487501681932,0.2916740287244144,False,False
92,4.6000000000000005,68.5410306911069,34.595518880902674,29.963845338246987,17.7288173468432,0.1706514490504173,2.9112470806742015,False,False
93,4.65,68.2713385467977,34.91250955415149,29.965924231297787,11.859144402788166,0.21752842927317806,-2.599206717254857,False,False
94,4.7,67.99546801398382,35.2241745048201,29.967883587998163,7.8022306194359645,0.20680518680486587,-1.4762953015515605,False,False
95,4.75,67.71565274698696,35.532337384238645,29.969730281688268,5.063077142892219,0.20135536963335945,-0.7501819940947645,False,False
96,4.800000000000001,67.43333792480968,35.838244903125236,29.971470790491196,3.235972148428127,0.1992717731917516,-0.2867890027375749,False,False
97,4.8500000000000005,67.14946292279514,36.14273631692891,29.97311122003795,2.026238523121688,0.19929500632493724,0.0031976511758957716,False,False
98,4.9,66.86463916437174,36.44636988496894,29.974657324885765,1.2301336158776266,0.20059716879455625,0.1792118752455442,False,False
99,4.95,66.57926385252894,36.749512921077084,29.976114528704837,0.7097193105697213,0.20263725690669354,0.2807569091484975,False,False
100,5.0,66.27749884645057,37.03637270174844,29.977487943304304,21.200780049013584,0.2277690337912166,3.460566242685037,False,False
101,5.050000000000001,65.96552594752049,37.312123556790354,29.97878238656431,14.211629927690103,0.22931863496624788,-2.7602372357630705,False,False
102,5.1000000000000005,65.64716173737159,37.58049636509624,29.980002399336865,9.30475188706704,0.21902183546698256,-1.4170004707143153,False,False
103,5.15,65.32480279238997,37.84408267943024,29.981152261374994,5.973322977027506,0.21495826825314024,-0.559140756671108,False,False
104,5.2,64.99997366674097,38.10464286313954,29.98223600634593,3.750632922829306,0.21480085573988672,-0.021658599654263363,False,False
105,5.25,64.67365208484001,38.3633543060512,29.983257435981034,2.2831558785527433,0.2170194060213006,0.30524435819308027,False,False
106,5.300000000000001,64.33242511156053,38.60208569172571,29.984220133412126,22.701093588446167,0.24415029094203994,3.735373412721697,False,False
107,5.3500000000000005,63.98208389432868,38.82725240682895,29.98512747574093,15.334482447675565,0.29292882161124656,-3.2652347472720953,False,False
108,5.4,63.62609832337698,39.043407870310425,29.98598264588583,10.115185378550857,0.27983008645265295,-1.802344609538874,False,False
109,5.45,63.26659772201431,39.253687572574044,29.986788643747396,6.552776741232862,0.2735761313998828,-0.8603917714024112,False,False
110,5.5,62.904914710850264,39.46021220432242,29.98754829673192,4.16724364829116,0.27166506075304764,-0.2629011188333387,False,False
111,5.550000000000001,62.54189507380782,39.66439851774305,29.988264269669834,2.5869228785186116,0.2724473368247687,0.10761284199856215,False,False
112,5.6000000000000005,62.17808004593863,39.86718347831217,29.98893907416382,1.5482437690690896,0.27484095580074114,0.32926944878136966,False,False
113,5.65,61.80205761830802,40.04634152911596,29.9895750773994,24.04412634774884,0.30381023240265326,3.9881659609343725,False,False
114,5.7,61.41885955167699,40.20961017436117,29.990174510448934,16.30137179290491,0.3164928029976383,-3.4827653977083677,False,False
115,5.75,61.03135067116861,40.36238717914703,29.990739476098124,10.771649802936375,0.302519048418964,-1.9224832329502408,False,False
116,5.800000000000001,60.6412159252952,40.50834945798363,29.99127195622248,6.9831437786467925,0.29584599002491957,-0.917917705910373,False,False
117,5.8500000000000005,60.249475644889095,40.649966781926864,29.991773818739688,4.442101550098142,0.2938047026115026,-0.280775282294628,False,False
118,5.9,59.85676201832953,40.78888184370822,29.992246824162155,2.7577016748461567,0.29463561089579715,0.11428770303659844,False,False
119,5.95,59.45612661058679,40.902977485400804,29.992692631772826,23.604224641260792,0.32150529454423604,3.698314517179665,False,False
120,6.0,59.05111923076741,41.00044763289731,29.993112805445893,16.082215839679723,0.35698730910531795,-3.907337838613968,False,False
121,6.050000000000001,58.64361442473934,41.08691047401952,29.993508819132753,10.718049631259571,0.33987080225140465,-2.35486095301157,False,False
122,6.1000000000000005,58.23463994526183,41.16615808597175,29.993882062032615,7.038960080773709,0.3301136819115093,-1.3420967559156487,False,False
123,6.15,57.82478169633329,41.24072748577607,29.99423384346574,4.564402935058062,0.32511668357367224,-0.6872851746617229,False,False
124,6.2,57.4143858606026,41.31230593456518,29.99456539746646,2.916999366736132,0.32315841674051343,-0.2693308011813229,False,False
125,6.25,57.00366309515771,41.3820098971742,29.99487788711214,1.8273839158641754,0.3231029114716283,-0.007633825754362757,False,False
126,6.300000000000001,56.58953190372074,41.42729341498546,29.995172408603196,22.464550133442792,0.3476939829333984,3.384026411781869,False,False
127,6.3500000000000005,56.17394184352773,41.45633398797873,29.99544999510851,15.293937806661262,0.3420479079151852,-3.8782993144226685,False,False
128,6.4,55.757737463299485,41.47464776733094,29.99571162038977,10.212303806321714,0.32459797172216076,-2.4005838145471206,False,False
129,6.45,55.34127952441876,41.48592248855402,29.99595820221736,6.73521216217857,0.314187604741817,-1.4318701489904913,False,False
130,6.5,54.92471947730071,41.49261209559239,29.99619060558986,4.396997794357637,0.3083625539898253,-0.8011298045421326,False,False
131,6.550000000000001,54.50811939561503,41.49634445562143,29.996409645768445,2.8386782890726927,0.3054948269671202,-0.39439108668953926,False,False
132,6.6000000000000005,54.09150384349342,41.498196329956905,29.996616091136758,1.8058361152655495,0.3045076136957936,-0.13576701056839444,False,False
133,6.65,53.6753826192311,41.47776776655805,29.996810665896398,20.48935319720151,0.32579976422952645,2.9294683526294762,False,False
134,6.7,53.26024426903854,41.44260426281168,29.996994052607352,13.906390491753877,0.30352025618767337,-3.639286998716616,False,False
135,6.75,52.846040743950695,41.39772930440195,29.997166894582428,9.289439732296298,0.28681818535711257,-2.297532193726666,False,False
136,6.800000000000001,52.43257578028057,41.34647570755563,29.997329798143937,6.144286153849282,0.276533926041141,-1.414456721248075,False,False
137,6.8500000000000005,52.0196470031795,41.29105180202137,29.99748333475066,4.032037982280915,0.2704534501256832,-0.8362252923757287,False,False
138,6.9,51.607088755149796,41.23291961667557,29.9976280430025,2.6237670338889223,0.2671062847453176,-0.46030962487820676,False,False
139,6.95,51.19477772704497,41.173045970288506,29.99776443052986,1.6889799181598533,0.2655179976028039,-0.21842196539735242,False,False
140,7.0,50.785580967863126,41.094657594950604,29.99789297577439,17.472309753424472,0.2827012735897326,2.363706447514352,False,False
141,7.050000000000001,50.37892058352092,41.00401842533739,29.998014129667364,11.845168755475841,0.27290347455668046,-3.385146689684617,False,False
142,7.1000000000000005,49.974152126180016,40.90526648999684,29.99812831721149,7.950033758408205,0.2566222774957675,-2.239535214602921,False,False
143,7.15,49.570731851038005,40.80113783907531,29.99823593897183,5.308911557596193,0.2458812800978079,-1.4772436812067478,False,False
144,7.2,49.168247069523645,40.6934444366793,29.99833737248095,3.535315642587589,0.2388248697322629,-0.9704262537035555,False,False
145,7.25,48.76640063302399,40.58338801398043,29.998432973563297,2.349651730213567,0.23421592384684392,-0.6338215869942978,False,False
146,7.300000000000001,48.364984841482745,40.47176642187681,29.998523077583407,1.5587703720190196,0.23123023174778018,-0.41058586226190824,False,False
147,7.3500000000000005,47.96385710472322,40.35910969023968,29.99860800062236,1.0318745499572763,0.22931898520587868,-0.2628283820561881,False,False
148,7.4,47.56728583629864,40.2313319308767,29.998688040586575,14.828786267373602,0.24319874614539194,1.9090408081652848,False,False
149,7.45,47.17407429772074,40.0935586180002,29.998763478252844,10.024729946998914,0.22484062671260235,-2.9511068081920397,False,False
150,7.5,46.783246654209236,39.94915856342013,29.998834578253305,6.732839725122128,0.2104258650583946,-1.9826446692255748,False,False
151,7.550000000000001,46.39407382197481,39.80035364106934,29.99890159000374,4.5099903413950635,0.20071455381786862,-1.3355709963213822,False,False
152,7.6000000000000005,46.006034909356266,39.64861395761431,29.998964748578526,3.018937987080445,0.1941488285431294,-0.9029205635134668,False,False
153,7.65,45.61876707883967,39.494914752559446,29.99902427553526,2.0216180486469026,0.18968868381316537,-0.613345588179858,False,False
154,7.7,45.23202138627483,39.33990431161037,29.999080379691982,1.355268696589865,0.18663984537083614,-0.41926197394877096,False,False
155,7.75,44.84562860601379,39.18401428986288,29.999133257859697,0.9101559861759976,0.18453872314466863,-0.288934618233818,False,False
156,7.800000000000001,44.46414229020283,39.01647370619431,29.999183095532764,11.964693019876186,0.19507851746325555,1.4495198404907264,False,False
157,7.8500000000000005,44.08615212620794,38.84118641089528,29.99923006753963,8.108269220525274,0.1963576949062995,-2.624966081380937,False,False
158,7.9,43.71060750741863,38.660717710969415,29.9992743386561,5.485960985384405,0.18300074425121543,-1.8370717335498838,False,False
159,7.95,43.33675786401722,38.47676217447708,29.999316064183375,3.7182878215993527,0.17351930090892465,-1.303934327241372,False,False
160,8.0,42.964079287395336,38.29044435740054,29.99935539049283,2.5305961505961516,0.1666739610637244,-0.9413643757862674,False,False
161,8.05,42.59221088212602,38.10251360265248,29.99939245553949,1.7329887012051406,0.16163340817882707,-0.6931567213223153,False,False
162,8.1,42.220905830540524,37.913471167195965,29.999427389345968,1.1967564686531873,0.15783905500787923,-0.5217781855411693,False,False
163,8.15,41.849995876723234,37.72365369970122,29.999460314458574,0.835424378411419,0.15491459900714016,-0.40215210334956564,False,False
164,8.200000000000001,41.47936635153597,37.53328831675102,29.99949134637721,0.5911151935542214,0.15260563720035453,-0.3175120483459982,False,False
165,8.25,41.10893893353687,37.34252906935013,29.999520593960522,0.42515381974882027,0.1507393599700666,-0.25663650010224043,False,False
166,8.3,40.74368912396385,37.14203353791486,29.99954815980779,10.47276322476734,0.15990003202233316,1.2598033116551057,False,False
167,8.35,40.38203660234768,36.93511897625536,29.999574140618844,7.031455035884837,0.13614026545712998,-2.0455209583548593,False,False
168,8.4,40.02284753257846,36.72395629540042,29.99959862753326,4.705643822180518,0.1261767104903319,-1.3702360975157637,False,False
169,8.450000000000001,39.66533069847455,36.50997394548935,29.999621706450096,3.145252466702023,0.11949074206249988,-0.9194377090122842,False,False
170,8.5,39.30894295906882,36.294115742733005,29.999643458329217,2.1017868923792444,0.1149940195413755,-0.6183630861310517,False,False
171,8.55,38.95331520384124,36.077007195027576,29.999663959475285,1.4049576406155948,0.1119604292791577,-0.41715696333105884,False,False
172,8.6,38.59819816503198,35.8590637754023,29.99968328180546,0.9398435573510361,0.10990551331833762,-0.28257535708345577,False,False
173,8.65,38.24342416894845,35.640561903807864,29.999701493101643,0.6294115713731452,0.10850598891514207,-0.19245069671193413,False,False
174,8.700000000000001,37.888880698384085,35.42168572345764,29.999718657248295,0.4221795239382105,0.10754606303352288,-0.1320006386720583,False,False
175,8.75,37.5344923513815,35.20255804015905,29.999734834456522,0.28378652159528345,0.10688163065670542,-0.0913668566136285,False,False
176,8.8,37.18496603161054,34.97575510734069,29.999750081475273,8.659343340732198,0.11530244166644277,1.1580331227052016,False,False
177,8.85,36.838759182895714,34.74391636430507,29.999764451790444,5.77293576104609,0.09454938103184274,-1.548570755994286,False,False
178,8.9,36.49479215579337,34.50876699497978,29.999777995812497,3.8330631610186403,0.08728545414792344,-0.9989196437375901,False,False
179,8.950000000000001,36.15232346167527,34.27144046270508,29.999790761053276,2.5365625509337026,0.08266417857868896,-0.6354884681910401,False,False
180,9.0,35.81084986519103,34.03268407739545,29.999802792292712,1.6725481998150011,0.07978486967996345,-0.3959391487545412,False,False
181,9.05,35.47003251560451,33.79299157837736,29.99981413173588,1.0977998617595135,0.07804876975384395,-0.2387330464646858,False,False
182,9.1,35.12964453515333,33.552689463685475,29.999824819161066,0.7160672965808872,0.07705831211851284,-0.13619862507921637,False,False
183,9.15,34.78953469544013,33.31199360357339,29.999834892059308,0.4629663745731605,0.07654992990472292,-0.06990797464206173,False,False
184,9.200000000000001,34.449602598919874,33.071046555904296,29.999844385765897,0.2955193229071778,0.07634926131827358,-0.027594055603831963,False,False
185,9.25,34.10978187224364,32.82994224796158,29.99985333358436,0.18506610949922214,0.07634129458976036,-0.001095509164850704,False,False
186,9.3,33.774062696334695,32.583158646152796,29.99986176690326,6.697340893248404,0.08333858721840459,0.9622464722349348,False,False
187,9.35,33.44112994907935,32.33262843042085,29.99986971530632,4.475082314837214,0.07950164243916902,-1.2777831929267565,False,False
188,9.4,33.11007726382688,32.07961892569399,29.999877206676206,2.985526266403397,0.0733211251786674,-0.8499167782008648,False,False
189,9.450000000000001,32.78028743775685,31.824965352706176,29.999884267292323,1.9901647015357955,0.06921355598116774,-0.5648426379833941,False,False
190,9.5,32.45134333092752,31.569220121630565,29.99989092192301,1.3259726840143229,0.06648686623274008,-0.37495079463314823,False,False
191,9.55,32.122964378998816,31.31274948947538,29.999897193912435,0.8830617098355289,0.06467973120185208,-0.248500535334229,False,False
192,9.600000000000001,31.794962476616742,31.055796688985108,29.99990310526247,0.5878143219206263,0.06348468066883502,-0.16433200049941807,False,False
193,9.65,31.467211777674503,30.79852342283981,29.999908676709875,0.3910462787950962,0.06269681597732378,-0.10833956632001514,False,False
194,9.700000000000001,31.139628214161874,30.541037260448743,29.99991392779906,0.25993713498238585,0.062179614945119754,-0.07112046944559311,False,False
195,9.75,30.812155688341445,30.283409783224386,29.999918876950613,0.17259784714640775,0.06184213365906488,-0.04640713861685606,False,False
196,9.8,30.484756799649265,30.025688627982287,29.99992354152595,0.11443352135922684,0.061623807636654204,-0.030022061029586128,False,False
197,9.850000000000001,30.157406632725944,29.76790549184812,29.999927937888206,0.07571393898272864,0.06148431963003753,-0.019181024204801774,False,False
198,9.9,29.833802888254983,29.505434652358936,29.99993208145963,5.7437909608561455,0.06734554415982807,0.8060046361786707,False,False
199,9.950000000000001,29.512716842805112,29.239889700165403,29.9999359867757,3.8104624448807622,0.052900222074520276,-0.9791554507092106,False,False
200,10.0,29.19330959951367,28.97232769659918,29.999939667536093,2.51867284763276,0.048403994003480943,-0.6182889845237669,False,False
201,10.05,28.875014036165993,28.70344410222361,29.999943136652767,1.6580754563732742,0.045634672530900144,-0.38081256351984555,False,False
202,10.100000000000001,28.557449328265008,28.43369765255296,29.999946406295233,1.085842594095027,0.04399611744609977,-0.2253184813375088,False,False
203,10.15,28.24036102350215,28.163391282920617,29.999949487933257,0.705998188574798,0.043092725670281995,-0.12422559289333693,False,False
204,10.200000000000001,27.923579812178538,27.892725023017874,29.999952392377097,0.45434634132200813,0.042662437214198455,-0.05916901442955875,False,False
205,10.25,27.606993485747374,27.62183078221996,29.99995512981541,0.2880377530325908,0.042532074336153,-0.01792620962554132,False,False
206,10.3,27.290528003978945,27.35079532237897,29.999957709851028,0.17850007304457774,0.04258757766772753,0.007632266736861989,False,False
207,10.350000000000001,26.974134772943984,27.079675472235454,29.99996014153459,0.1066914507026351,0.04275417506588608,0.0229088177488226,False,False
208,10.4,26.65778212386552,26.808508221753822,29.99996243339635,0.05992658464348961,0.042983171881042614,0.03148936348969975,False,False
209,10.450000000000001,26.34144961861896,26.53731742648588,29.99996459347606,0.02975802692657332,0.04324315467345374,0.035750244715552965,False,False
210,10.5,26.028262853351595,26.26249971428681,29.999966629351192,4.6009128736617555,0.04830410282618991,0.6959482140827951,False,False
211,10.55,25.71717420634287,25.985309164686544,29.9999685481635,3.0390384566586497,0.03624525019369651,-0.7317596678124549,False,False
212,10.600000000000001,25.407473972362926,25.706568186196385,29.9999703566441,1.997945026926238,0.03300501438521908,-0.44556933880656036,False,False
213,10.65,25.09868506573021,25.42681794243355,29.99997206113706,1.3057141505102354,0.031124581395987394,-0.25857921604547535,False,False
214,10.700000000000001,24.790488591408266,25.14641512583951,29.999973667621685,0.8463882376484289,0.03012552116066841,-0.1373808961351873,False,False
215,10.75,24.482672392520424,24.865594878056314,29.999975181733436,0.5422813850144971,0.029691135361379073,-0.0597323953864876,False,False
216,10.8,24.1750959555892,24.584512015141765,29.99997660878376,0.3415052441534483,0.029612351089124828,-0.010833623612664791,False,False
217,10.850000000000001,23.86766667400902,24.303268183611717,29.999977953778693,0.20945140462220774,0.02975166219166986,0.019156666151041057,False,False
218,10.9,23.56032388124588,24.021929813752372,29.999979221436416,0.12305398250952333,0.030019105293184356,0.03677609434117787,False,False
219,10.950000000000001,23.25302814977141,23.74054001673683,29.999980416203826,0.06694760370711982,0.03035625862444513,0.04636194635604063,False,False
220,11.0,22.945754137537193,23.459126479596996,29.999981542272106,0.030901219920593317,0.030725588325343,0.05078651736184899,False,False
221,11.05,22.63848581516027,23.17770670803231,29.99998260359146,0.008106018968074726,0.031103358552159732,0.051947172333455756,False,False
222,11.100000000000001,22.33365715198053,22.89364613800302,29.999983603884953,3.448601207341484,0.03507632025076579,0.5463300273655777,False,False
223,11.15,22.030456763237257,22.607848208481126,29.999984546661565,2.285538724335272,0.030797336280731225,-0.5891167654725474,False,False
224,11.200000000000001,21.728337523241255,22.320907609468637,29.999985435228528,1.5103882179390569,0.028086258999832747,-0.3728026982105927,False,False
225,11.25,21.426932430226124,22.033216938547707,29.999986272702888,0.9945272474661241,0.026410837999547465,-0.23038765159862382,False,False
226,11.3,21.125996253359794,21.745035782295066,29.999987062022473,0.651650779787837,0.025413984190074568,-0.13707742846316787,False,False
227,11.350000000000001,20.82536564483772,21.456535856478748,29.99998780595618,0.4240648943131995,0.024858701840504094,-0.07635685780329544,False,False
228,11.4,20.524932118920827,21.16783068749703,29.9999885071137,0.2732670898763014,0.02458796513765532,-0.037228985919844616,False,False
229,11.450000000000001,20.224623852673574,20.87899521363032,29.999989167954663,0.1735830560591521,0.02449797505372353,-0.012374529382026921,False,False
230,11.5,19.924393474622942,20.59007876715377,29.999989790797272,0.10790001376749749,0.024520337692949534,0.003075084679211181,False,False
231,11.55,19.624209892057376,20.30111368881128,29.99999037782643,0.06481514094064034,0.024610190152196787,0.012355604123638253,False,False
232,11.600000000000001,19.324052831035782,20.012121050728748,29.99999093110141,0.03673248490004111,0.024738290899779525,0.017615122856235472,False,False
233,11.65,19.023909193552267,19.723114460733605,29.99999145256308,0.018593685000897368,0.024885752619427715,0.02027744822221283,False,False
234,11.700000000000001,18.723770629738002,19.43410259180369,29.999991944040705,0.007031663920904861,0.025040536173176142,0.021284272687844868,False,False
235,11.75,18.42555184300572,19.143110189029848,29.999992407258368,2.647078918812267,0.027953571958328594,0.40057453919073877,False,False
236,11.8,18.128614353771138,18.850810418636048,29.99999284384101,1.7574595065081788,0.024362610380115113,-0.4687659084488808,False,False
237,11.850000000000001,17.832528928415822,18.557647573207337,29.99999325532015,1.164586884634342,0.022166471216475303,-0.30199227888197094,False,False
238,11.9,17.53700808656145,18.263915604286648,29.999993643139238,0.769841878500101,0.020771982918403542,-0.19175630435074845,False,False
239,11.950000000000001,17.241859818789642,17.969809259917486,29.99999400865873,0.5072294818326972,0.019905667277315464,-0.11912706152515978,False,False
240,12.0,16.946956168918497,17.675457628281343,29.999994353160854,0.3326831696863618,0.01938576673847925,-0.07149148794814308,False,False
241,12.05,16.65221204303451,17.38094625368082,29.999994677854104,0.21680798015208239,0.019091621967022188,-0.04044782006415236,False,False
242,12.100000000000001,16.357570975567832,17.08633176928428,29.99999498387749,0.14000518276882856,0.018943260118926844,-0.020401222410317967,False,False
243,12.15,16.062995594566893,16.79165160147421,29.99999527230453,0.08921105932765738,0.018887790799484508,-0.007627580176434968,False,False
244,12.200000000000001,15.768461246604812,16.496930415589492,29.999995544147023,0.0557195482782373,0.01889034037929349,0.00035059244205763994,False,False
245,12.25,15.473951739810046,16.202184401347303,29.99999580035857,0.033729755843739016,0.01892801161801594,0.005180167902880044,False,False
246,12.3,15.179456504018846,15.907424123502171,29.99999604183795,0.01937738211515442,0.018985859871150867,0.007954706891611658,False,False
247,12.350000000000001,14.884968697785503,15.61265641849852,29.99999626943227,0.010088951414619234,0.019054213409200216,0.009399287399108704,False,False
248,12.4,14.59048394746002,15.317885656309134,29.999996483939913,0.004151300399049409,0.01912688955669628,0.009993688876742714,False,False
249,12.450000000000001,14.297520195085134,15.021603168554002,29.999996686113366,2.0585982391843585,0.021344027003184163,0.30487975632059716,False,False
250,12.5,14.005564395362658,14.724327394280728,29.999996876661847,1.358790917361832,0.014810372827734897,-0.3285918417826049,False,False
251,12.55,13.71427298385464,14.426400573363841,29.99999705625379,0.8932638885188025,0.013350989684138614,-0.20068001757437576,False,False
252,12.600000000000001,13.423416690030468,14.128048942998038,29.9999972255192,0.5839841242543359,0.012499708189651182,-0.11705970061183926,False,False
253,12.65,13.132842972133023,13.82942209338005,29.99999738505184,0.37881694440774616,0.012042881261618565,-0.06281822992699912,False,False
254,12.700000000000001,12.842450638022584,13.530618855653831,29.99999753541136,0.24297922252520754,0.011839061846991017,-0.028027184798682873,False,False
255,12.75,12.55217278165782,13.231704402456492,29.999997677125208,0.1532801838164298,0.011794848299498728,-0.0060797996868549534,False,False
256,12.8,12.261965347203555,12.932721575592883,29.99999781069051,0.09426396228756248,0.011848788731635258,0.007417342417641302,False,False
257,12.850000000000001,11.971799481472567,12.63369840325757,29.9999979365758,0.055632761529628545,0.01196065770376964,0.01538308915111262,False,False
258,12.9,11.68165642773859,12.334653094028289,29.99999805522269,0.030527488912818337,0.012104313925180799,0.0197541501222757,False,False
259,12.950000000000001,11.391524120499813,12.03559735642627,29.999998167047384,0.014381125168416994,0.01226294472845546,0.02181330312797206,False,False
260,13.0,11.101394916929104,11.73653860575735,29.999998272442163,0.004154228984951599,0.012425901190939559,0.022408123968890706,False,False
261,13.05,10.81126408710753,11.437481430867699,29.999998371776737,-0.0021747154154109906,0.012586593196075135,0.022096738616871912,False,False
262,13.100000000000001,10.521128810368351,11.138428568415234,29.999998465399575,-0.005949033790046494,0.012741090673191069,0.021244929695452476,False,False
263,13.15,10.232078678234084,10.83832672656153,29.999998553639095,1.4491480841756619,0.014404854780605936,0.22878460650665067,False,False
264,13.200000000000001,9.943742596557987,10.537538762478748,29.999998636804847,0.9509361277374625,0.007932542737689285,-0.20596179396483796,False,False
265,13.25,9.655872983512229,10.236304331967405,29.999998715188564,0.6200837227883551,0.007080444523626772,-0.11717200204184594,False,False
266,13.3,9.368305196487878,9.934781754103689,29.99999878906522,0.4007423012971883,0.00664563209567226,-0.059791014069333126,False,False
267,13.350000000000001,9.080930102849013,9.633075517082302,29.99999885869397,0.25564671155108354,0.006477017694527354,-0.023186146036721526,False,False
268,13.4,8.793675630975205,9.331254432580904,29.99999892431907,0.15995092176145567,0.0064749552451681125,-0.00028360715508956707,False,False
269,13.450000000000001,8.506494403296507,9.029363654573473,29.999998986170727,0.09709647601562886,0.006573996192297871,0.013619108435296009,False,False
270,13.5,8.219355465411482,8.727432651856049,29.999999044465913,0.05605176020467234,0.006731401971721694,0.021644849600921983,False,False
271,13.55,7.932238763786815,8.425480502773155,29.999999099409123,0.029469715352817897,0.006919493576933083,0.025864453991947825,False,False
272,13.600000000000001,7.645131463380035,8.12351941365721,29.999999151193098,0.012459176156079893,0.007120558503238672,0.027648413900298565,False,False
273,13.65,7.35802549490768,7.8215570571963475,29.999999199999497,0.001765672273117812,0.007323461964941047,0.02790123065669429,False,False
274,13.700000000000001,7.07091592295829,7.519598126082707,29.999999245999525,-0.004774690533803926,0.00752139370248095,0.027217569370213884,False,False
275,13.75,6.783799861588241,7.217645364562965,29.99999928935455,-0.008599270004146316,0.007710371309873398,0.025986287888979755,False,False
276,13.8,6.496675754819691,6.915700252545314,29.999999330216664,-0.01066153684685628,0.007888247417838556,0.024459721919346707,False,False
277,13.850000000000001,6.210204206231524,6.613135952512686,29.999999368729203,0.8638537163517487,0.00896569239022127,0.14815948721488578,False,False
278,13.9,5.924158932146191,6.310168618632779,29.99999940502727,0.5633725368615262,0.0032564191373714024,-0.1068039645380387,False,False
279,13.950000000000001,5.638389497724568,6.006941088597726,29.999999439238206,0.36416312265416195,0.0028589148151962895,-0.05466077731038993,False,False
280,14.0,5.3527962044029325,5.703547654582244,29.999999471482006,0.2323798779180172,0.002703381135653826,-0.021387417057344007,False,False
281,14.05,5.067313215532944,5.400050424921748,29.999999501871788,0.14545868281906377,0.0026993090258603525,-0.0005599553009939712,False,False
282,14.100000000000001,4.781897251987818,5.096490161661132,29.999999530514163,0.08836237677248425,0.00278724576802436,0.012092170335345565,False,False
283,14.15,4.496520034953531,4.7928934719765115,29.9999995575096,0.051072986645185364,0.002928363110646204,0.019405028213211814,False,False
284,14.200000000000001,4.211163241427321,4.489277585250181,29.9999995829528,0.02691854381523364,0.00309750983055207,0.023259344567971272,False,False
285,14.25,3.925815140984891,4.185653528008958,29.999999606933017,0.011457286875927019,0.0032785866383586992,0.02489984956203828,False,False
286,14.3,3.6404683558360063,3.8820282342198684,29.99999962953437,0.0017337380070141998,0.0034614687293867408,0.02514809383267174,False,False
287,14.350000000000001,3.355118370587962,3.5784059475069134,29.999999650836145,-0.004217227282920929,0.0036399595635711046,0.024544252589629667,False,False
288,14.4,3.069762541987611,3.2747891522105372,29.999999670913063,-0.007700962772758499,0.0038104316441740504,0.02344159469519527,False,False
289,14.450000000000001,2.7843994418805122,2.97117919088102,29.999999689835565,-0.009583400113034995,0.00397092485231787,0.022069401095055584,False,False
290,14.5,2.499028422110695,2.667576673099634,29.99999970767002,-0.010437910125236273,0.004120549415287167,0.02057485496976761,False,False
291,14.55,2.2138940311763258,2.363751909413892,29.999999724478997,0.3117641836576381,0.0045948066765695295,0.06521506942021776,False,False
292,14.600000000000001,1.9289105487437361,2.059785590809073,29.999999740321453,0.19870780655056622,-0.0007862128910156585,-0.017222827326984384,False,False
293,14.65,1.6440213935802277,1.755730862925073,29.999999755252972,0.12415822083659743,-0.0007821788287643017,0.0005547233836542711,False,False
294,14.700000000000001,1.3591893886175614,1.4516225970225825,29.999999769325925,0.07520650345760745,-0.0006998347108531089,0.011323129178471803,False,False
295,14.75,1.0743902564580594,1.1474835450809049,29.999999782589683,0.0432528749252238,-0.0005724528168826737,0.01751626818592141,False,False
296,14.8,0.7896082791425021,0.8433284298260106,29.999999795090773,0.022570072964279864,-0.0004215694624603028,0.020747951172409216,False,False
297,14.850000000000001,0.5048334051916763,0.5391666635861744,29.999999806873056,0.009345401009050654,-0.0002609550557237106,0.022086067013144948,False,False
298,14.9,0.24469719849351185,0.2136820050090562,29.999999817977855,28.64788975654116,0.03245844088267258,4.503876848173333,False,False
299,14.950000000000001,0.010790538422978196,-0.1311350240080133,29.999999828444125,28.64788975654116,0.09753652086179773,8.985667630897135,False,False
300,15.0,-0.19545610408788333,-0.49317567323497463,29.999999838308586,28.64788975654116,0.19457529581898428,13.467458415094626,False,False
301,15.05,-0.37278141468543097,-0.8702258603039815,29.999999847605842,28.64788975654116,0.32298131904678673,17.949249200681077,False,False
302,15.100000000000001,-0.520100949242156,-1.2599797110696915,29.999999856368504,28.64788975654116,0.4819693154535162,22.431039987576597,False,False
303,15.15,-0.6365137658433783,-1.6600536613279753,29.99999986462731,28.64788975654116,0.6705669839623769,26.912830775705913,False,False
304,15.200000000000001,-0.7213079345545723,-2.0680010336530916,29.99999987241124,28.64788975654116,0.88762094367983,31.394621564998094,False,False
305,15.25,-0.7739648912739951,-2.4813270002077585,29.999999879747595,28.64788975654116,1.1318037874690097,35.876412355386265,False,False
306,15.3,-0.7941626090443556,-2.897503840020114,29.999999886662106,28.64788975654116,1.4016221997916256,40.35820314680743,False,False
307,15.350000000000001,-0.7817775674291706,-3.313986397420718,29.999999893179037,28.64788975654116,-2.8363909426440133,-41.433361216722346,False,False
308,15.4,-0.7368855079099623,-3.728227647102557,29.999999899321242,28.64788975654116,-3.086865840610191,-36.95157042341,False,False
309,15.450000000000001,-0.6597609706846205,-4.137694270614935,29.99999990511027,28.64788975654116,-3.31055529450801,-32.46977962923279,False,False
310,15.5,-0.5508756156996678,-4.539882149032225,29.99999991056643,28.64788975654116,-3.5060913173800183,-27.987988834240497,False,False
311,15.55,-0.4108953381842625,-4.932331677051089,29.999999915708855,28.64788975654116,-3.667169660219792,-23.617087911387518,False,False
312,15.600000000000001,-0.2406761963260744,-5.312642804861831,29.999999920555595,28.64788975654116,-3.803752982129141,-19.135297114902908,False,False
313,15.65,-0.04125917599358897,-5.678489715804372,29.99999992512365,28.64788975654116,-3.909158379554664,-14.653506317735877,False,False
314,15.700000000000001,0.18613617547848876,-6.02763505004673,29.999999929429038,28.64788975654116,-3.982741239136077,-10.17171551992561,False,False
315,15.75,0.440119207507741,-6.357943587300176,29.999999933486865,28.64788975654116,-4.024051560247966,-5.689924721509156,False,False
316,15.8,0.7191366708752505,-6.6673953048935815,29.999999937311372,28.64788975654116,-4.03283670700709,-1.208133922521373,False,False
317,15.850000000000001,1.0214822167190323,-6.954097731349469,29.99999994091597,28.64788975654116,-4.009042953283154,3.2736568770049157,False,False
318,15.9,1.3453068318179895,-7.216297519912697,29.999999944313302,28.64788975654116,-3.952815811264448,7.75544767703877,False,False
319,15.950000000000001,1.6886301463487565,-7.452391171253128,29.999999947515285,28.64788975654116,-3.8644991415689764,12.23723847755098,False,False
320,16.0,2.049352544962128,-7.660934839766928,29.99999995053316,28.64788975654116,-3.744633050343264,16.719029278514018,False,False
321,16.05,2.4252680071130226,-7.840653163505434,29.9999999533775,28.64788975654116,-3.5939505862092513,21.200820079901973,False,False
322,16.1,2.814077598118132,-7.990447063731598,29.999999956058296,28.64788975654116,-3.41337325725932,25.682610881690426,False,False
323,16.150000000000002,3.212470664663779,-8.112488348386119,29.999999958584947,26.207987530154522,-3.2068005622611544,29.720832652206326,False,False
324,16.2,3.6141652947828784,-8.223179516926395,29.99999996096631,11.207315212987286,-2.9900464526551587,31.346329793765616,False,False
325,16.25,4.016273251341984,-8.332359652286133,29.99999996321075,1.5041154428434242,-2.7719559885402965,31.561745180262758,False,False
326,16.3,4.416900558347816,-8.446853632874843,29.999999965326133,-5.282676333069702,-2.554235037890576,30.467565351334493,False,False
327,16.35,4.814744764800577,-8.570672444550784,29.99999996731988,-9.264257924423466,-2.3514085990236806,29.129385667441888,False,False
328,16.400000000000002,5.208837142163362,-8.705958470655352,29.999999969198985,-11.433396883899002,-2.159205467622911,27.470219797185404,False,False
329,16.45,5.598456358300992,-8.853633712965681,29.99999997097004,-12.45075799826141,-1.978783792599564,25.658862959688864,False,False
330,16.5,5.983092066705925,-9.013841336424338,29.999999972639266,-12.738807241751521,-1.8106119546538886,23.804202888363633,False,False
331,16.55,6.362418133536212,-9.186244485571068,29.99999997421251,-12.569063533196276,-1.6546939661048594,21.975072618324152,False,False
332,16.6,6.736265338168909,-9.370226491262182,29.999999975695292,-12.11849901226391,-1.5107272698487824,20.213546077475947,False,False
333,16.650000000000002,7.104593175990674,-9.565023089619354,29.99999997709281,-11.503730345416407,-1.378214317377355,18.543895034123903,False,False
334,16.7,7.467462616920457,-9.76980804927346,29.99999997840997,-10.80192137555985,-1.256541333832664,16.978639337613778,False,False
335,16.75,7.8250114474700965,-9.983747163621866,29.999999979651395,-10.063944078562285,-1.145033402227796,15.522634614893349,False,False
336,16.8,8.177433072502433,-10.206031011660142,29.999999980821443,-9.322928493724305,-1.0429924044553056,14.175829259368168,False,False
337,16.85,8.524959001841708,-10.435893664865862,29.99999998192421,-8.599959892944105,-0.9497226041918729,12.935117499714401,False,False
338,16.900000000000002,8.867844829374576,-10.672622244025689,29.99999998296357,-7.907941910754038,-0.864547391818697,11.795578354470159,False,False
339,16.95,9.206359298446563,-10.915560641884445,29.999999983943162,-7.254243174727559,-0.7868197715854164,10.751297760913655,False,False
340,17.0,9.541615337267604,-11.162976282800654,29.99999998486643,-5.302816871218452,-0.7145391171142794,9.989841591772207,False,False
341,17.05,9.873630827004131,-11.414723826028071,29.999999985736608,-5.181323347388598,-0.6442831517778482,8.675009704668367,False,False
342,17.1,10.202496287741912,-11.670572647970337,29.99999998655675,-4.954081540087758,-0.5865544195650656,7.963889361720855,False,False
343,17.150000000000002,10.52834746393704,-11.930249604854685,29.99999998732974,-4.668990256924337,-0.5336549855648594,7.293878968315503,False,False
344,17.2,10.851346421613895,-12.193465835951026,29.999999988058278,-4.356965449595504,-0.4852673547616985,6.668824112739325,False,False
345,17.25,11.1716685866876,-12.459933135151768,29.99999998874493,-4.03767781897108,-0.44106490284108635,6.0897326180851525,False,False
346,17.3,11.489493953972309,-12.729373568083938,29.999999989392098,-3.723360741584056,-0.4007248826422739,5.555853622267952,False,False
347,17.35,11.805001225761684,-13.001524762171746,29.999999990002056,-3.421345768298904,-0.36393631455191544,5.065387111763298,False,False
348,17.400000000000002,12.118364002974618,-13.27614246163674,29.999999990576935,-3.1357531767267903,-0.330404499027208,4.615947283792429,False,False
349,17.45,12.42974840772054,-13.55300138507853,29.999999991118763,-2.8686189049662003,-0.29985331971361245,4.20486220050809,False,False
350,17.5,12.739311697663794,-13.831895057530483,29.99999999162943,-2.620644599640161,-0.27202612060654024,3.82936483059059,False,False
351,17.55,13.047201561712095,-14.112635048689775,29.999999992110737,-2.391695401394998,-0.24668568073088748,3.4867122638822754,False,False
352,17.6,13.353555878373577,-14.395049891939784,29.99999999256437,-2.181128897036142,-0.22361363451325145,3.1742576373433176,False,False
353,17.650000000000002,13.658502783269421,-14.678983856488662,29.99999999299192,-1.9880111724233045,-0.20260956802677965,2.8894911211891148,False,False
354,17.7,13.963587775350586,-14.96276944217176,29.999999993394887,0.19465909221923253,-0.17326647609022694,2.089297626082064,False,False
355,17.75,14.268446047118246,-15.246798569505373,29.99999999377468,-0.31954802087256223,-0.15840856369579592,2.0435428531720605,False,False
356,17.8,14.572862493588548,-15.531301184891586,29.999999994132633,-0.6219215116764758,-0.14419786858477257,1.954489883810175,False,False
357,17.85,14.876718977461318,-15.81640177811367,29.999999994470006,-0.786712444234743,-0.13080595260809091,1.8418378379669869,False,False
358,17.900000000000002,15.179959770154749,-16.102157150237183,29.99999999478798,-0.8630982355775223,-0.11831238600282068,1.7182462677396193,False,False
359,17.95,15.482568811092738,-16.388581449829317,29.99999999508767,-0.8835604940803776,-0.1067385302784194,1.5917241400208786,False,False
360,18.0,15.7845547291578,-16.675662651491713,29.999999995370132,-0.869479717028341,-0.09606978140034736,1.4672186321480551,False,False
361,18.05,16.08594099484135,-16.963373321988882,29.99999999563635,-0.8348624155812294,-0.08627014587118716,1.3476708793401682,False,False
362,18.1,16.38675947587739,-17.251677592735398,29.99999999588726,-0.7888222934444726,-0.07729172776215643,1.2347166788377266,False,False
363,18.150000000000002,16.687046253902867,-17.540535623624837,29.999999996123744,-0.7372315828220776,-0.06908084312268153,1.1291507751367116,False,False
364,18.2,16.986838942816366,-17.829906414726565,29.99999999634663,-0.6838198163629801,-0.06158190432822974,1.031233781099894,False,False
365,18.25,17.28617500274612,-18.119749534874327,29.999999996556696,-0.6309046201199041,-0.054739834572203994,0.9408944167857904,False,False
366,18.3,17.585090711875697,-18.410026144178474,29.99999999675469,-0.5798774213069215,-0.04850151792147639,0.8578621686469301,False,False
367,18.35,17.885514919594005,-18.698741239891422,29.99999999694129,2.0841877009728536,-0.040092386601820795,1.1564170740647073,False,False
368,18.400000000000002,18.186844983212577,-18.98651077239508,29.99999999711717,1.2573557216377063,-0.024712432185343136,0.21541957189197594,False,False
369,18.45,18.48869075423056,-19.273739325290194,29.99999999728293,0.7177463403864703,-0.022398464431674814,0.318195042566131,False,False
370,18.5,18.790801111505246,-19.5606895702959,29.999999997439165,0.3687830556057686,-0.01970049689340292,0.3709997602548755,False,False
371,18.55,19.093016145668685,-19.847529567870797,29.999999997586414,0.14600023506918672,-0.016850507242719637,0.39190476470265445,False,False
372,18.6,19.395235812355523,-20.13436468453624,29.999999997725194,0.006462615782392709,-0.01399378844448873,0.3928301106089102,False,False
373,18.650000000000002,19.697399286301618,-20.421258996259432,29.999999997855998,-0.07838440837389071,-0.011218686891449947,0.3816066774373867,False,False
374,18.7,19.999471327471554,-20.708249576298485,29.999999997979277,-0.1275067742796435,-0.008576351283654943,0.3633496635825319,False,False
375,18.75,20.301433268355673,-20.995355997937857,29.999999998095465,-0.15348254325083382,-0.006093829265126138,0.34137330184652126,False,False
376,18.8,20.603277058053344,-21.282586632987957,29.999999998204977,-0.16463679774596093,-0.003782735662583192,0.3177998123192033,False,False
377,18.85,20.905001332816045,-21.56994281111965,29.99999999830819,-0.16646470257860502,-0.001644974194124571,0.29396459311066997,False,False
378,18.900000000000002,21.206608831482804,-21.857421554404503,29.99999999840547,-0.16257976777754388,0.00032350001104664017,0.270685640630943,False,False
379,18.95,21.508104703667232,-22.14501736478683,29.999999998497152,-0.15534557279954433,0.0021302193403154313,0.24844252014889803,False,False
380,19.0,21.811937928185184,-22.430142745582263,29.99999999858357,3.262613403207242,0.0073377354622130575,0.7161035128107317,False,False
381,19.05,22.117290182296166,-22.713640738529303,29.999999998665015,2.136957623613109,0.02193924281982018,-0.4406493414008751,False,False
382,19.1,22.42362491287377,-22.99607682676609,29.999999998741778,1.3890811873215345,0.020181442749580558,-0.24171557761263446,False,False
383,19.150000000000002,22.730589542607003,-23.27782818379942,29.999999998814122,0.893447593223497,0.019354030467535366,-0.11377743081051363,False,False
384,19.200000000000003,23.037952325269934,-23.55914514193006,29.999999998882313,0.5658893101156095,0.01911587839487483,-0.03274826253421741,False,False
385,19.25,23.345561173679908,-23.840193015928083,29.99999999894658,0.3501744309545971,0.019242355750408058,0.017391885090379148,False,False
386,19.3,23.65331662933062,-24.121080343190886,29.99999999900715,0.20879692875463154,0.019586247277898317,0.047288484895252336,False,False
387,19.35,23.961154033369578,-24.401877857023962,29.99999999906424,0.11676265578631027,0.020051719957510677,0.06400710136455706,False,False
388,19.400000000000002,24.269031730989607,-24.68263119076925,29.999999999118046,0.057425328253168394,0.020576987685236692,0.07222951652489591,False,False
389,19.450000000000003,24.576923253199606,-24.963369363543634,29.999999999168757,0.01970452150839346,0.021122773054913502,0.07505089714984833,False,False
390,19.5,24.88481213004756,-25.24411043751634,29.999999999216552,-0.0037705816372612198,0.02166463224759685,0.0745110085985221,False,False
391,19.55,25.19268844893279,-25.524865283195354,29.999999999261597,-0.017899027926724924,0.022187853796786672,0.0719481465554813,False,False
392,19.6,25.500546571903822,-25.8056400812521,29.999999999304055,-0.02593331477161524,0.022684071872509204,0.0682348996279536,False,False
393,19.650000000000002,25.811550961108534,-26.082925820154994,29.999999999344073,4.502679938601072,0.02787832099692822,0.7142790275469535,False,False
394,19.700000000000003,26.12461036750652,-26.35788930713044,29.99999999938179,2.975394493106998,0.038508666184867923,-0.7225663726186609,False,False
395,19.75,26.43901152475232,-26.631317585526926,29.99999999941734,1.9573475714360045,0.03529296084898159,-0.44219561518577627,False,False
396,19.8,26.754286096992384,-26.903738317490557,29.999999999450843,1.2803606106810093,0.03341064856245857,-0.25883739979725495,False,False
397,19.85,27.07012580328008,-27.17550364095406,29.99999999948242,0.8310560368610062,0.03239374238221637,-0.13983477631437716,False,False
398,19.900000000000002,27.38632756181104,-27.446847627449788,29.99999999951218,0.5334924014261363,0.03193235910529102,-0.06344476778019023,False,False
399,19.950000000000003,27.7027576967814,-27.717925256162356,29.99999999954023,0.3369505238106486,0.03182183507185829,-0.01519814573979094,False,False
400,20.0,28.01932842665673,-27.988838681618343,29.999999999566665,0.20760242002660323,0.03192748142671617,0.014527416765990476,False,False
401,20.05,28.335982349285622,-28.25965486353907,29.99999999959158,0.12290204663047177,0.03216110175033615,0.03212510220828482,False,False
402,20.1,28.652682173268122,-28.530417365736305,29.999999999615063,0.06782980720456241,0.032465350997909814,0.04183727845282501,False,False
403,20.150000000000002,28.96940390896645,-28.801154236596467,29.999999999637197,0.03238435386464868,0.03280332098176475,0.046474213921446246,False,False
404,20.200000000000003,29.286132348979127,-29.071883264213177,29.999999999658055,0.009909234350461286,0.033151609115966596,0.047893061923895974,False,False
405,20.25,29.606697709133215,-29.338057945534786,29.99999999967772,5.700324765748637,0.039454875571917514,0.8667944195313735,False,False
406,20.3,29.92976094624492,-29.601195278375457,29.999999999696254,3.7712482034037094,0.051524447945315854,-0.9240040213285076,False,False
407,20.35,30.254451951137725,-29.86232142116759,29.999999999713715,2.4832832055993057,0.04739234873892462,-0.568213742145196,False,False
408,20.400000000000002,30.580201688103486,-30.122125616620096,29.99999999973018,1.6260955248033497,0.04495384926143553,-0.33531966234194543,False,False
409,20.450000000000003,30.906636570759627,-30.38106842593026,29.99999999974569,1.05690188203754,0.04361597952457069,-0.18397061082468794,False,False
410,20.5,31.23351089026663,-30.63945629397977,29.999999999760316,0.679774105977185,0.042985966944543985,-0.08663298151273606,False,False
411,20.55,31.560663046931527,-30.897492294371194,29.999999999774097,0.4305589911186057,0.04280428922197888,-0.02498248095484546,False,False
412,20.6,31.88798694606567,-31.155310401113656,29.999999999787086,0.26644312693135186,0.042900051794220115,0.013168299055285444,False,False
413,20.650000000000002,32.21541318818194,-31.412998520906562,29.999999999799325,0.15888389999854,0.04316125525627856,0.0359180566812761,False,False
414,20.700000000000003,32.54289664839364,-31.67061392106092,29.99999999981086,0.08886419201261045,0.04351499007309423,0.04864203481227264,False,False
415,20.75,32.870408252881546,-31.92819353988742,29.99999999982174,0.0437195014511064,0.04391424853227199,0.05490198755225258,False,False
416,20.8,33.20232707621119,-32.180068520440535,29.99999999983199,6.88977092182145,0.05152195188759079,1.0461924398222442,False,False
417,20.85,33.53711005572365,-32.428123892763,29.999999999841652,4.575249952122284,0.0726620530215325,-1.179402150929501,False,False
418,20.900000000000002,33.87376095281357,-32.67363821942834,29.999999999850758,3.0259376011392933,0.06723909175641696,-0.7457317577282312,False,False
419,20.950000000000003,34.21163090808166,-32.91747218842491,29.99999999985934,1.9929074030341714,0.06389199836001103,-0.4602633307847934,False,False
420,21.0,34.550294849267175,-33.16020217431514,29.99999999986743,1.3057322980486705,0.061904727218070554,-0.2732704340865822,False,False
421,21.05,34.88947334995008,-33.40221261992474,29.999999999875055,0.8494762200637491,0.06080204577377782,-0.15162975996688371,False,False
422,21.1,35.228982450223405,-33.643759058402615,29.999999999882235,0.5471398288328888,0.060269098879071066,-0.07328547863464782,False,False
423,21.150000000000002,35.56870106256797,-33.8850107434465,29.999999999889006,0.3472921680383252,0.06009777997199879,-0.023558041446021968,False,False
424,21.200000000000003,35.90854962780183,-34.12607933082027,29.99999999989539,0.21562803306407446,0.060150988366669045,0.007316679497883611,False,False
425,21.25,36.2484760599187,-34.36703810708349,29.999999999901405,0.1292817478493444,0.06033881373631783,0.02582784319399931,False,False
426,21.3,36.58844645626803,-34.60793484993427,29.99999999990708,0.07301957143836871,0.0606026719692333,0.03628311395150702,False,False
427,21.35,36.93364494425136,-34.841278191395126,29.999999999912426,8.753599052312262,0.07005213569849478,1.299505947598746,False,False
428,21.400000000000002,37.28220142439589,-35.069575127991776,29.999999999917456,5.80146159597517,0.08685257461575024,-1.4029650084244722,False,False
429,21.450000000000003,37.63292460863139,-35.29452925475971,29.999999999922203,3.820059610008806,0.08063376059927319,-0.8551800641518245,False,False
430,21.5,37.98504645063999,-35.51728768780038,29.99999999992668,2.4985739722255738,0.07701809287281985,-0.4971962420461549,False,False
431,21.55,38.33806775237547,-35.73861791987747,29.999999999930893,1.6205128297824634,0.07509022244658387,-0.265102159186781,False,False
432,21.6,38.69166250358047,-35.95903085740754,29.999999999934865,1.0388057303093814,0.07424413786457602,-0.11634506153938923,False,False
433,21.650000000000002,39.04561737882975,-36.17886501625839,29.999999999938613,0.6546263495187836,0.07407972285321089,-0.022608687562534764,False,False
434,21.700000000000003,39.399792865892906,-36.3983435698212,29.99999999994214,0.4018876813677235,0.07433378686315312,0.03493631135494061,False,False
435,21.75,39.75409800574414,-36.617612762790664,29.999999999945466,0.23649466119063065,0.07483410613457808,0.06879885492105016,False,False
436,21.8,40.10847384692783,-36.83676767214902,29.9999999999486,0.1290592977161973,0.07546881063091793,0.08727816706166854,False,False
437,21.85,40.46869528540312,-37.04617547136706,29.999999999951555,10.786264992115361,0.08746782189198499,1.6502106297593955,False,False
438,21.900000000000002,40.83261691158457,-37.24908471489241,29.999999999954344,7.144609078928739,0.10601521428015681,-1.6386468681288924,False,False
439,21.950000000000003,41.198896943548895,-37.44770507964595,29.999999999956973,4.690091136554654,0.09899354230429303,-0.9655949133713252,False,False
440,22.0,41.56668221165792,-37.64352414836147,29.999999999959446,3.0511829705461033,0.09515169370159932,-0.5282995909843594,False,False
441,22.05,41.935423909049,-37.83753618849252,29.99999999996178,1.9627384549374964,0.09335432983977338,-0.24715603898479635,False,False
442,22.1,42.30476647799121,-38.03040188756279,29.99999999996398,1.2427858310463622,0.092851234761039,-0.06918055610199567,False,False
443,22.150000000000002,42.674478800071405,-38.222557839884814,29.999999999966054,0.7685239294968469,0.0931484257502781,0.04086669800773449,False,False
444,22.200000000000003,43.04441067188153,-38.41429078261976,29.999999999968004,0.45769369668037785,0.09392220756980837,0.10640269921456756,False,False
445,22.25,43.414464833197414,-38.605787594090756,29.999999999969845,0.2553782679494251,0.0949619073506624,0.14296913093349972,False,False
446,22.3,43.790617202301696,-38.78500954120667,29.99999999997158,12.939078728612312,0.10970536670500852,2.0277944912641424,False,False
447,22.35,44.17056044373545,-38.95604826313717,29.999999999973216,8.596304395299681,0.1397862199508788,-1.9752756952345591,False,False
448,22.400000000000002,44.552888549547745,-39.12168742099786,29.999999999974754,5.650508417684493,0.13132502568460802,-1.1635777105076361,False,False
449,22.450000000000003,44.93672499208009,-39.28380064221979,29.999999999976207,3.6779780625552156,0.1266983693378793,-0.6362239912957686,False,False
450,22.5,45.32151393133092,-39.443639884401016,29.999999999977575,2.366357171622057,0.12453703799584118,-0.29720572649661303,False,False
451,22.55,45.70689881089431,-39.60203687210842,29.99999999997887,1.4983403602751784,0.12393622453859256,-0.08261780953080831,False,False
452,22.6,46.092649407552734,-39.75954112058619,29.999999999980083,0.9264302993532797,0.12430015573695165,0.05004413844084745,False,False
453,22.650000000000002,46.47861675183228,-39.916513475670435,29.999999999981227,0.5515810948710766,0.12523844684666519,0.12902439834761595,False,False
454,22.700000000000003,46.86470464863707,-40.07318908657321,29.999999999982307,0.30760012067493286,0.12649703361291664,0.17306836683993013,False,False
455,22.75,47.256951541937575,-40.2137361811964,29.999999999983324,16.14049700832339,0.14501523596141352,2.5472746630699183,False,False
456,22.8,47.652865006947756,-40.34359625718036,29.999999999984283,10.724050882327612,0.1587738524450069,-2.2093239335492076,False,False
457,22.85,48.05100378931892,-40.46646456506709,29.999999999985185,7.011454024190606,0.15004528921172466,-1.200351407738285,False,False
458,22.900000000000002,48.45050698771553,-40.584821253014276,29.999999999986038,4.517265082012884,0.14602959659663245,-0.5522059215897603,False,False
459,22.950000000000003,48.85084644749526,-40.70031769475269,29.99999999998684,2.8595195613961897,0.1449938394113975,-0.14242698343715612,False,False
460,23.0,49.25169174532312,-40.81404613587566,29.999999999987597,1.7655027719297856,0.14579702160628458,0.1104455482712252,False,False
461,23.05,49.65283359826276,-40.92672410591032,29.99999999998831,1.048153414300609,0.14769172656961413,0.2605415326831117,False,False
462,23.1,50.05413873175482,-41.03881915907459,29.999999999988983,0.5813426056904064,0.1501917764138202,0.3437835939540703,False,False
463,23.150000000000002,50.460542790487416,-41.1307259170234,29.99999999998962,19.241573496877077,0.17350408374214996,3.207347209673725,False,False
464,23.200000000000003,50.86972379092172,-41.20935173971915,29.999999999990212,12.813047956073106,0.18167058921902343,-2.3961823985575306,False,False
465,23.25,51.280466554058094,-41.279362407778386,29.999999999990774,8.349129261280142,0.17300141497315658,-1.1921830554154371,False,False
466,23.3,51.6921088251278,-41.3438740484302,29.999999999991307,5.335842533425626,0.16990379583156945,-0.4259571317822942,False,False
467,23.35,52.10427456707223,-41.40495196815911,29.999999999991804,3.3319874655145423,0.17027955147879872,0.05167011751800553,False,False
468,23.400000000000002,52.51674232886348,-41.463955837472376,29.999999999992276,2.0120358007980528,0.17275121977351365,0.3398807812893132,False,False
469,23.450000000000003,52.929377947413926,-41.52177415130563,29.99999999999272,1.1497721212600767,0.17642023506783494,0.5045323395194411,False,False
470,23.5,53.34462707232497,-41.556114730387044,29.999999999993136,21.60397088652763,0.20369569776691426,3.7533292152147664,False,False
471,23.55,53.76086146926219,-41.57508939553153,29.99999999999353,14.472249358213352,0.22830093935343523,-2.729019987397716,False,False
472,23.6,54.17743002306002,-41.58413102690104,29.999999999993904,9.458141485043571,0.2183947679230399,-1.3623247148343558,False,False
473,23.650000000000002,54.59408784318377,-41.58684617713017,29.999999999994255,6.053790447863897,0.21481487874146776,-0.4922761555398879,False,False
474,23.700000000000003,55.01075269211346,-41.58561541417671,29.999999999994586,3.7840412566075985,0.21518087965632604,0.05032874499883636,False,False
475,23.75,55.427403688683114,-41.58200180537569,29.9999999999949,2.287237173512524,0.21792975003640622,0.37799955295374565,False,False
476,23.8,55.84404063335293,-41.577025114983975,29.999999999995193,1.3089036168637915,0.22204172823525647,0.5654467695879356,False,False
477,23.85,56.259545500839124,-41.54593144671629,29.99999999999547,23.66520998844548,0.2522729776104145,4.160751179979624,False,False
478,23.900000000000002,56.673431871199966,-41.49787748183732,29.99999999999573,15.93897599776497,0.264076408802726,-3.00165768199244,False,False
479,23.950000000000003,57.08590638304324,-41.43892081817053,29.999999999995975,10.441209725434486,0.253243011929212,-1.4898668972108144,False,False
480,24.0,57.49733301298824,-41.37304791567519,29.999999999996206,6.687488890332521,0.24940370149669389,-0.5279505527027648,False,False
481,24.05,57.90804799935225,-41.30287447991003,29.999999999996422,4.178857338264948,0.24992337276399354,0.07145994736726914,False,False
482,24.1,58.31831206519713,-41.23011111421339,29.999999999996625,2.523077009256301,0.25307190927175005,0.43295896891888735,False,False
483,24.150000000000002,58.7231423299161,-41.13150296100769,29.999999999996817,23.881136421651377,0.28260993377901555,4.0651797701971,False,False
484,24.200000000000003,59.12352366365631,-41.016151763772946,29.999999999997005,16.193277102883012,0.3264274702275196,-3.5226959768273662,False,False
485,24.25,59.520635180280756,-40.89000282610279,29.999999999997176,10.708725209048122,0.3120948472937005,-1.9712660063989316,False,False
486,24.3,59.91548359756923,-40.75693953861947,29.999999999997335,6.95272255264118,0.30503511711161907,-0.9708290397006506,False,False
487,24.35,60.30883049611321,-40.61950108505965,29.99999999999749,4.433483541228425,0.3026007365802252,-0.3347532569102293,False,False
488,24.400000000000002,60.701218269309265,-40.479347788425834,29.999999999997637,2.763039547575908,0.3030456349685894,0.06117793154195375,False,False
489,24.450000000000003,61.093019580072315,-40.337563289994435,29.999999999997772,1.6642592009014139,0.3052239484011725,0.299540963238599,False,False
490,24.5,61.475155107726565,-40.1714803299549,29.9999999999979,23.672368973924097,0.33353512008945063,3.8960673667611023,False,False
491,24.55,61.850118705057966,-39.98978439772916,29.99999999999802,16.066857612873907,0.32941254067720327,-3.6104854415123904,False,False
492,24.6,62.22005655770472,-39.79806299493281,29.999999999998135,10.646276180459639,0.31437459558289127,-2.0683150725227697,False,False
493,24.650000000000002,62.58659989754604,-39.59992897178418,29.999999999998245,6.934132764341533,0.3065895758666115,-1.070579350505342,False,False
494,24.700000000000003,62.95091630223947,-39.397729396160635,29.999999999998348,4.442896766843085,0.30343966748329143,-0.433147620738464,False,False
495,24.75,63.31381327014079,-39.19299322007267,29.999999999998444,2.7893436165265157,0.3031964759151526,-0.03344124302069233,False,False
496,24.8,63.66448615807269,-38.96796069624423,29.999999999998533,21.662492043474227,0.3266373401564863,3.2250529418165055,False,False
497,24.85,64.00643261797667,-38.729877245180894,29.999999999998614,14.743990816646077,0.3483182767528077,-3.865093808292874,False,False
498,24.900000000000002,64.34234769766901,-38.483357123595695,29.999999999998693,9.861570706747012,0.3305870157546121,-2.4389599186563973,False,False
499,24.950000000000003,64.67418006543232,-38.23136825317542,29.999999999998767,6.525881486450154,0.31967636514665476,-1.500493666437156,False,False
500,25.0,65.00329134387883,-37.97583571608785,29.99999999999884,4.282833588371119,0.313232619837876,-0.8861139088424149,False,False
501,25.05,65.33061374873368,-37.71801571222637,29.999999999998902,2.7866114644234674,0.3096925553986509,-0.48679966046932693,False,False
502,25.1,65.65677706465112,-37.458730921965085,29.999999999998966,1.7932980675605887,0.30802036404488675,-0.2299434343191976,False,False
503,25.150000000000002,65.96952458087208,-37.18341273838703,29.999999999999023,19.31310359758319,0.32724935129271376,2.6451150399349648,False,False
504,25.200000000000003,66.27289806021636,-36.89779823745677,29.999999999999083,13.137903524258277,0.32562420672758857,-3.7370667197513683,False,False
505,25.25,66.5698458756157,-36.60550881575173,29.999999999999133,8.827662543633677,0.30771838626631937,-2.462985547168007,False,False
506,25.3,66.86244090512602,-36.3088621238488,29.999999999999183,5.894029884154249,0.2959676047462506,-1.6160627187331627,False,False
507,25.35,67.1521105627524,-36.0093581997314,29.99999999999923,3.9210261295722564,0.2883049158596702,-1.0537547628928166,False,False
508,25.400000000000002,67.43982559782292,-35.707976100552514,29.999999999999275,2.601522199365755,0.2833526525874435,-0.6810011169606859,False,False
509,25.450000000000003,67.72624099073356,-35.40535862945254,29.999999999999318,1.7215222191340724,0.28019340601720055,-0.4344317504204549,False,False
510,25.5,67.99929684356928,-35.09063396829098,29.999999999999357,16.81618971397162,0.2950618369150174,2.0449901719145758,False,False
511,25.55,68.2631181965746,-34.768129077150476,29.999999999999396,11.44236901319042,0.29530430099879945,-3.525720084664402,False,False
512,25.6,68.52062324102917,-34.440558835535725,29.999999999999428,7.728545202244095,0.2777663644525852,-2.4123520567887313,False,False
513,25.650000000000002,68.77383068802486,-34.109655375449506,29.99999999999946,5.208818497310849,0.2656637076097367,-1.664468884991956,False,False
514,25.700000000000003,69.02411950707278,-33.7765388520366,29.999999999999492,3.5132324039807274,0.2572227286306697,-1.1607973370154052,False,False
515,25.75,69.27242489105404,-33.4419412617927,29.999999999999524,2.3759318403904564,0.25125677331999946,-0.8204057781624594,False,False
516,25.8,69.51937856515728,-33.10634478690356,29.99999999999955,1.613705672349536,0.24697143177855482,-0.5892871510325146,False,False
517,25.85,69.76540649163933,-32.770069051082416,29.999999999999574,1.1025769186189012,0.24383426246995504,-0.4313958223636913,False,False
518,25.900000000000002,69.9984631080867,-32.42467691938106,29.9999999999996,14.883012292036856,0.25655049445650757,1.7488789758840668,False,False
519,25.950000000000003,70.22266151255602,-32.07347016183713,29.999999999999627,10.071431360408061,0.23603761002129997,-3.0070210954387075,False,False
520,26.0,70.44085537640852,-31.718501784529767,29.999999999999645,6.7730484337932895,0.22125862020173787,-2.03268334983449,False,False
521,26.05,70.65499505255484,-31.36107303609022,29.999999999999662,4.544871877157785,0.2112198747431138,-1.3805601760799397,False,False
522,26.1,70.86640206148742,-31.002021246392292,29.999999999999684,3.0494867256822054,0.20435879799438095,-0.9435084192241133,False,False
523,26.150000000000002,71.0759673352334,-30.64189139876663,29.9999999999997,2.0486104288119393,0.19963157145492275,-0.6500542568262119,False,False
524,26.200000000000003,71.28428978951561,-30.281041199718686,29.999999999999723,1.379295513029085,0.19634076942085726,-0.4525224672351201,False,False
525,26.25,71.49177144757566,-29.919706904806397,29.999999999999734,0.9316675628346349,0.19402014490269237,-0.31911042752027424,False,False
526,26.3,71.68736628635018,-29.551802338164617,29.999999999999748,12.825503217887363,0.20528052582503242,1.5486020677168186,False,False
527,26.35,71.87491016469474,-29.179729220610295,29.99999999999976,8.640893173224098,0.189835300983754,-2.5308605572725176,False,False
528,26.400000000000002,72.0570292336204,-28.80497095739951,29.999999999999773,5.793320683012345,0.1774852057245183,-1.6985087679952706,False,False
529,26.450000000000003,72.23550349803504,-28.42846325754098,29.999999999999787,3.8767741901498654,0.16917677884426305,-1.1425664321066609,False,False
530,26.5,72.41153241606332,-28.05080609670737,29.999999999999797,2.593180504803617,0.16357000770090505,-0.7710096447716749,False,False
531,26.55,72.58592144076806,-27.67238889417339,29.99999999999981,1.7352995102286004,0.15977058192350307,-0.5224657884952127,False,False
532,26.6,72.75921033826495,-27.29346664737938,29.999999999999822,1.162383111680798,0.15718163681998043,-0.356007797543632,False,False
533,26.650000000000002,72.93176041741366,-26.914207393969676,29.999999999999837,0.7798200414778896,0.1554047310696436,-0.24434282083914757,False,False
534,26.700000000000003,73.09400801850914,-26.530427734464553,29.999999999999844,10.679594847829454,0.16487790652453088,1.3027673848553922,False,False
535,26.75,73.2492791037853,-26.14377284804997,29.99999999999985,7.208549022966107,0.16957093708433346,-2.2580360967261597,False,False
536,26.8,73.39983318327552,-25.755256979313618,29.999999999999854,4.858228782157008,0.1582223081814122,-1.5607415047763906,False,False
537,26.85,73.54719613509059,-25.365519540076047,29.99999999999986,3.277958382649115,0.1502897120382347,-1.0908761765560004,False,False
538,26.900000000000002,73.69239520352309,-24.974970770218246,29.99999999999987,2.2182913845321743,0.14466779452170553,-0.7730926096918029,False,False
539,26.950000000000003,73.83612102333242,-24.5838774311913,29.999999999999876,1.5080791388722385,0.1406164452683202,-0.5571092910723783,False,False
540,27.0,73.97883788714027,-24.19241477921035,29.999999999999883,1.031731003019358,0.137639480563024,-0.4093655149567861,False,False
541,27.05,74.12085822820059,-23.80069889513591,29.999999999999886,0.711719612784915,0.13540362916766024,-0.3074531120759532,False,False
542,27.1,74.26239270678154,-23.408807197745,29.999999999999893,0.4962044766610209,0.13368446593514394,-0.23640258478947657,False,False
543,27.150000000000002,74.39464863751509,-23.013687621038258,29.9999999999999,9.350949678058848,0.14178899792458732,1.1145234320550614,False,False
544,27.200000000000003,74.52063291294756,-22.61652383435213,29.999999999999908,6.3094131792892805,0.14667913479447942,-2.006062250981735,False,False
545,27.25,74.64237813903259,-22.2180401947424,29.999999999999915,4.255991619266347,0.13653143213256125,-1.3955472648526288,False,False
546,27.3,74.76125304742985,-21.818690889916844,29.99999999999992,2.8767877587545723,0.12938109949360194,-0.9832895835952016,False,False
547,27.35,74.87817770805174,-21.418766228449755,29.999999999999925,1.9520100393934472,0.12426389391915335,-0.7036839677775034,False,False
548,27.400000000000002,74.9937703630039,-21.018454538347882,29.999999999999932,1.331882828371445,0.12053370434852062,-0.5129447379736908,False,False
549,27.450000000000003,75.10844672491176,-20.617879397917665,29.99999999999994,0.9155518407188796,0.11775690011232157,-0.3818408183482606,False,False
550,27.5,75.22248678677572,-20.217122644510848,29.999999999999947,0.6354603894119486,0.11564179515093698,-0.2908490591607795,False,False
551,27.55,75.33607963738753,-19.816238901511717,29.999999999999947,0.44645850191925707,0.1139915771094048,-0.2269218629766072,False,False
552,27.6,75.44935346940562,-19.415264899747207,29.999999999999947,0.3183985148507092,0.11267289807416242,-0.18133168651321038,False,False
553,27.650000000000002,75.55373370820756,-19.011884338913195,29.999999999999947,8.779128183944936,0.12056737487685376,1.085633445317582,False,False
554,27.700000000000003,75.65216112631029,-18.607010093650867,29.999999999999947,5.87352026394004,0.11154794654391553,-1.663968882945417,False,False
555,27.75,75.7466129493876,-18.201189980511458,29.999999999999947,3.9185059974779937,0.10353429987546214,-1.1020234649066454,False,False
556,27.8,75.83841390195266,-17.79476200876338,29.999999999999947,2.6100845188308006,0.09823997669025925,-0.7280412888520563,False,False
557,27.85,75.92844965510756,-17.387939351743224,29.999999999999947,1.7365709395770113,0.09475433872919091,-0.4793152164846816,False,False
558,27.900000000000002,76.01731152503348,-16.98085867278096,29.999999999999947,1.1541171210464405,0.09247057759898174,-0.3140412704254342,False,False
559,27.950000000000003,76.10539391318459,-16.57360862181877,29.999999999999947,0.766012737026945,0.09098447911058108,-0.20435364444448595,False,False
560,28.0,76.19295967092619,-16.16624717398374,29.999999999999947,0.5075453697904581,0.09002688212777543,-0.1316791533323567,False,False
561,28.05,76.28018384618404,-15.758812449933744,29.999999999999947,0.33550460203020527,0.08941863821274981,-0.08363957189464284,False,False
562,28.1,76.36718291975723,-15.351329600836364,29.999999999999947,0.2210648810033264,0.0890405827301129,-0.051986367717235415,False,False
563,28.150000000000002,76.44585625403838,-14.942157732809983,29.999999999999947,8.104312958627848,0.09715749604932677,1.1162263097656766,False,False
564,28.200000000000003,76.51900454641566,-14.531962122846398,29.999999999999947,5.380564506026069,0.08445468986688348,-1.3574784407729548,False,False
565,28.25,76.58850231355163,-14.121132265759275,29.999999999999947,3.5538188253533782,0.07828827847308104,-0.8479733902950882,False,False
566,28.3,76.65560011920964,-13.709903624262855,29.999999999999947,2.335159847695035,0.0745545628514081,-0.5134296242452069,False,False
567,28.35,76.72113020263633,-13.29842225253723,29.999999999999947,1.524670997179397,0.07240877041406964,-0.2950689451768185,False,False
568,28.400000000000002,76.78564513685556,-12.886780497641302,29.999999999999947,0.9869127516757515,0.07129071066176498,-0.15374443662257714,False,False
569,28.450000000000003,76.84951087649284,-12.475037521487861,29.999999999999947,0.6309737459979008,0.07082968804549711,-0.06339517334890617,False,False
570,28.5,76.91296902454398,-12.063231530082891,29.999999999999947,0.3960825308663484,0.07078109937473223,-0.00668142185650269,False,False
571,28.55,76.97617842924451,-11.651387284926406,29.999999999999947,0.2416923598505162,0.07098417834551299,0.02792536414602913,False,False
572,28.6,77.03924294058969,-11.239520827782947,29.999999999999947,0.14077636314137515,0.0713338432888071,0.04808238683023743,False,False
573,28.650000000000002,77.09490175761026,-10.82658837907132,29.999999999999947,7.148276894616712,0.07916516919474445,1.076948027018393,False,False
574,28.700000000000003,77.14567333145365,-10.413026583929922,29.999999999999947,4.721622329824372,0.0654904989607066,-1.1016402341272638,False,False
575,28.75,77.19323763198325,-9.99908365498169,29.999999999999947,3.098820536821888,0.06070909792777321,-0.6575042694296995,False,False
576,28.8,77.23871217584495,-9.584905943157793,29.999999999999947,2.018730218701822,0.0580305167970408,-0.36833388234010594,False,False
577,28.85,77.28283845619718,-9.170582419213778,29.999999999999947,1.3021568907558068,0.05670804527493971,-0.1818531935094012,False,False
578,28.900000000000002,77.32610710088099,-8.756168452872949,29.999999999999947,0.8281562941217379,0.0562479630871503,-0.06326585507051814,False,False
579,28.950000000000003,77.36884162624182,-8.341699067449495,29.999999999999947,0.5156914655793549,0.05632486755183118,0.010575123063898965,False,False
580,29.0,77.41125437971017,-7.927196631444176,29.999999999999947,0.3106425325199866,0.0567252367865056,0.05505473021690083,False,False
581,29.05,77.45348386167049,-7.512675483654979,29.999999999999947,0.17692269222500948,0.05730983014853773,0.08038738407539663,False,False
582,29.1,77.49561960281586,-7.09814479669774,29.999999999999947,0.09049061416892473,0.05798864832527702,0.09334424109258098,False,False
583,29.150000000000002,77.53220361971321,-6.6830873057175575,29.999999999999947,5.34017626127129,0.06424393592896693,0.8601961044170454,False,False
584,29.200000000000003,77.56513811144872,-6.2677242953697,29.999999999999947,3.5127540369687544,0.04501339682403016,-0.7751576183976653,False,False
585,29.25,77.59568861367657,-5.852179137866046,29.999999999999947,2.2949574380089666,0.041767265465532916,-0.44637961940706405,False,False
586,29.3,77.62469517845308,-5.436523354421407,29.999999999999947,1.4862183339770338,0.04006900251382138,-0.23352856570888086,False,False
587,29.35,77.65271405734347,-5.020799824251612,29.999999999999947,0.950684536309642,0.03936074201396941,-0.09739285675051898,False,False
588,29.400000000000002,77.68011246062952,-4.605034940442883,29.999999999999947,0.5971859199973097,0.03927433338345414,-0.011882039706069714,False,False
589,29.450000000000003,77.70713182539603,-4.189245251971988,29.999999999999947,0.3647905268029479,0.039567774014678425,0.040350986631668,False,False
590,29.5,77.73393001416078,-3.773441249838724,29.999999999999947,0.21285392746412496,0.040082853222077594,0.07082849331629394,False,False
591,29.55,77.76060943979722,-3.35762961056101,29.999999999999947,0.11429184915094569,0.040716940747193314,0.08719332732894852,False,False
592,29.6,77.78723579850748,-2.94181456978814,29.999999999999947,0.05106840124744711,0.041404204034783114,0.0945055287566893,False,False
593,29.650000000000002,77.81084426349958,-2.5258172723307797,29.999999999999947,2.9010964687989884,0.045114817352070194,0.5102527025888893,False,False
594,29.700000000000003,77.8325525389197,-2.1097164889989113,29.999999999999947,1.8269694626633335,0.01704900171144076,-0.053693123458377685,False,False
595,29.75,77.85309610899112,-1.693556576417424,29.999999999999947,1.119845099565462,0.017824739538176718,0.10667166997770801,False,False
596,29.8,77.87295625782033,-1.2773634894979122,29.999999999999947,0.6570806009866834,0.01928470083815416,0.2007595005806289,False,False
597,29.85,77.89244552240024,-0.8611528701268478,29.999999999999947,0.3565788728797046,0.021115957657667273,0.2518166994036447,False,False
598,29.900000000000002,77.91176465492146,-0.44493431908696696,29.999999999999947,0.1635665673502376,0.02311752952383925,0.27523694735514354,False,False
599,29.950000000000003,77.93104055537617,-0.02871376364457845,29.999999999999947,0.04156332692758969,0.025162379387208937,0.2811881693222323,False,False
600,30.0,77.95035150803041,0.3875051669901255,29.999999999999947,-0.03369918603048794,0.027172139828492644,0.27636297030788304,False,False
